{"12345_1001234567": {"user_avg_amount": 5000.0, "user_std_amount": 2000.0, "user_max_amount": 15000.0, "user_txn_frequency": 2, "user_international_ratio": 0.0, "current_month_spending": 1.0, "known_countries": []}, "1120459_11120459024": {"user_avg_amount": 5000.0, "user_std_amount": 2000.0, "user_max_amount": 15000.0, "user_txn_frequency": 4, "user_international_ratio": 0.0, "current_month_spending": 13000.0, "known_countries": []}, "99999_9001234567": {"user_avg_amount": 5000.0, "user_std_amount": 2000.0, "user_max_amount": 15000.0, "user_txn_frequency": 5, "user_international_ratio": 0.0, "current_month_spending": 10000.0, "known_countries": []}, "1001470_11001470011": {"user_avg_amount": 5551.622, "user_std_amount": 8433.818200205647, "user_max_amount": 20046.0, "user_txn_frequency": 10, "user_international_ratio": 0.8, "current_month_spending": 13000.0, "known_countries": []}, "1001470_11001470011_session_spending": 13000.0, "1103138_11103138011": {"user_avg_amount": 18842.263157894737, "user_std_amount": 13683.768307508251, "user_max_amount": 51000.0, "user_txn_frequency": 44, "user_international_ratio": 0.0, "current_month_spending": 33500.0, "known_countries": []}, "1103138_11103138011_session_spending": 33500.0, "1000016_11000016019": {"user_avg_amount": 9124.090666666665, "user_std_amount": 19093.325413608953, "user_max_amount": 96639.45, "user_txn_frequency": 51, "user_international_ratio": 0.9333333333333333, "current_month_spending": 30000.0}, "1000016_11000016019_session_spending": 30000.0, "1000212_11000212026": {"user_avg_amount": 301.25, "user_std_amount": 134.80696075005426, "user_max_amount": 500.0, "user_txn_frequency": 5, "user_international_ratio": 0.0, "current_month_spending": 5000.0}, "1000212_11000212026_session_spending": 5000.0, "1000166_11000166016": {"user_avg_amount": 269621.0, "user_std_amount": 34175.884948308216, "user_max_amount": 293787.0, "user_txn_frequency": 17, "user_international_ratio": 0.0, "current_month_spending": 376500.0}, "1000166_11000166016_session_spending": 376500.0, "12345_1001234567_session_spending": 1.0}