{
  "threshold": 3.400837261045197,
  "mean": 0.08930740872486792,
  "std": 1.1038432841067765,
  "k": 3.0,
  "computed_at": "2026-01-08T13:05:22.816519",
  "n_samples": 3502,
  "n_features": 43
}